{"errors":[],"warnings":[],"namedChunkGroups":{"app":{"chunks":[7,0,1],"assets":["webpack-runtime-2977fbef123b4ff2b408.js","webpack-runtime-2977fbef123b4ff2b408.js.map","commons-ad32b554834329eba510.js","commons-ad32b554834329eba510.js.map","app-69d66aedbebb098308be.js","app-69d66aedbebb098308be.js.map"],"children":{},"childAssets":{}},"component---src-templates-product-js":{"chunks":[0,5],"assets":["commons-ad32b554834329eba510.js","commons-ad32b554834329eba510.js.map","component---src-templates-product-js-c491754f7357d2661371.js","component---src-templates-product-js-c491754f7357d2661371.js.map"],"children":{},"childAssets":{}},"component---src-pages-404-js":{"chunks":[0,2],"assets":["commons-ad32b554834329eba510.js","commons-ad32b554834329eba510.js.map","component---src-pages-404-js-63ecac8706fb8173a5e5.js","component---src-pages-404-js-63ecac8706fb8173a5e5.js.map"],"children":{},"childAssets":{}},"component---src-pages-index-js":{"chunks":[6,0,3],"assets":["styles.3ae039a4b083544ea586.css","styles-b80cd4cbf19406fa111c.js","styles-b80cd4cbf19406fa111c.js.map","commons-ad32b554834329eba510.js","commons-ad32b554834329eba510.js.map","component---src-pages-index-js-bd3cec71ad1cde4fc010.js","component---src-pages-index-js-bd3cec71ad1cde4fc010.js.map"],"children":{},"childAssets":{}},"component---src-pages-page-2-js":{"chunks":[0,4],"assets":["commons-ad32b554834329eba510.js","commons-ad32b554834329eba510.js.map","component---src-pages-page-2-js-48b0083a336487fb8866.js","component---src-pages-page-2-js-48b0083a336487fb8866.js.map"],"children":{},"childAssets":{}}},"assetsByChunkName":{"app":["webpack-runtime-2977fbef123b4ff2b408.js","commons-ad32b554834329eba510.js","app-69d66aedbebb098308be.js"],"component---src-templates-product-js":["commons-ad32b554834329eba510.js","component---src-templates-product-js-c491754f7357d2661371.js"],"component---src-pages-404-js":["commons-ad32b554834329eba510.js","component---src-pages-404-js-63ecac8706fb8173a5e5.js"],"component---src-pages-index-js":["styles.3ae039a4b083544ea586.css","styles-b80cd4cbf19406fa111c.js","commons-ad32b554834329eba510.js","component---src-pages-index-js-bd3cec71ad1cde4fc010.js"],"component---src-pages-page-2-js":["commons-ad32b554834329eba510.js","component---src-pages-page-2-js-48b0083a336487fb8866.js"]}}